sample,sandbox_id,n_pairs,session_start,session_end,mean_ts,median_ts,std_ts,min_ts,max_ts,mean_dt,median_dt,std_dt,min_dt,max_dt,mean_len,median_len,std_len,min_len,max_len,mean_spc_pairs,median_spc_pairs,std_spc_pairs,session_duration_s,total_time_diff,total_cmd_len,avg_time_per_char,mean_spc,median_spc,std_spc,mean_cps,std_cps
House of cards,101,17,2019-09-26 09:23:29.156399+00:00,2019-09-26 09:45:21.121167+00:00,0.7194560067080318,0.5225277383849921,0.5506972700437349,0.0242023785468374,1.6877779559321175,33.76757076470588,24.295517,32.521158158388545,1.777485,123.954759,13.0,12.0,10.828203913853857,3,45,5.00446162309316,1.913774,9.881816450717697,1311.964768,574.0487029999999,221,2.5975054434389135,5.00446162309316,1.913774,9.881816450717697,0.7194560067080318,0.5506972700437349
House of cards,112,51,2019-09-19 10:29:48.517813+00:00,2019-09-22 11:05:25.796859+00:00,0.8504266252266134,0.39973021243097007,0.9620875872241682,0.05626395310872126,3.5919232566255097,47.67867764705883,33.280292,47.54203052283304,1.960646,197.890915,15.294117647058824,12.0,9.56513275944889,3,44,3.3549248685191975,2.501687310344827,3.570036588329606,261337.279046,2431.61256,780,3.117452,3.3549248685191975,2.501687310344827,3.570036588329606,0.8504266252266134,0.9620875872241682
House of cards,113,19,2019-09-19 10:31:30.503032+00:00,2019-09-19 11:14:07.573895+00:00,1.0641241177013414,0.487821047531795,1.57177107329483,0.03751636839152922,6.299182838506274,53.63292705263158,40.998641,53.11743541515676,1.578051,159.930192,16.736842105263158,19.0,10.592670973959924,3,44,4.3025796583699405,2.04993205,6.487993264332501,2557.070863,1019.025614,318,3.2044830628930816,4.3025796583699405,2.04993205,6.487993264332501,1.0641241177013414,1.57177107329483
House of cards,115,20,2019-09-19 10:35:24.276798+00:00,2019-09-22 15:12:17.312978+00:00,0.3127484266936657,0.17798201000510733,0.403228724583071,0.02420973065916877,1.7797992701933092,103.45914215,51.8128085,103.6558804025135,8.808653,413.057053,13.85,12.5,9.460583046458996,3,44,9.6466951757505,5.662631961538461,11.260089372973361,275813.03618,2069.182843,277,7.469974162454874,9.6466951757505,5.662631961538461,11.260089372973361,0.3127484266936657,0.403228724583071
House of cards,116,32,2019-09-19 10:40:20.613699+00:00,2019-09-19 11:14:36.466324+00:00,0.7547380806159888,0.45035260742148064,0.7173109088876854,0.014174351200611723,2.5999288052828824,64.24539453125,29.737357000000003,72.34943449305152,1.288221,219.147936,14.34375,12.0,10.54211025884654,3,54,6.326626284458442,2.2205038620689654,12.900178823070526,2055.852625,2055.852625,459,4.478981753812636,6.326626284458442,2.2205038620689654,12.900178823070526,0.7547380806159888,0.7173109088876854
House of cards,130,30,2019-09-19 10:30:36.203948+00:00,2019-09-23 18:39:39.578153+00:00,0.7288788910035968,0.4076276080427267,0.8057698168031932,0.019799533093350453,3.5478092425752483,52.83527646666666,33.250653,55.658290996864764,1.261143,202.024966,12.866666666666667,12.0,9.224156192913494,2,35,5.450434782883457,2.46100055,9.188550034123587,374943.374205,1585.058294,386,4.1063686373057,5.450434782883457,2.46100055,9.188550034123587,0.7288788910035968,0.8057698168031932
House of cards,131,37,2019-09-19 10:39:54.164014+00:00,2019-09-19 11:26:15.679026+00:00,0.9502513049943087,0.624701184600033,1.0619434442821873,0.03396980966286777,3.6833271739917817,66.86813416216215,29.464894,81.7337256869304,2.443443,286.284024,15.91891891891892,17.0,8.420802212966999,4,44,4.772398829129916,1.6007653333333332,6.489421724767697,2781.515012,2474.1209639999997,589,4.200544930390492,4.772398829129916,1.6007653333333332,6.489421724767697,0.9502513049943087,1.0619434442821873
House of cards,137,26,2019-09-19 10:31:51.195656+00:00,2019-09-23 19:35:37.519489+00:00,0.669271269555983,0.3633039104418939,0.7807733685252868,0.04652234470775043,3.3348667544724733,84.86381480769231,56.579747000000005,88.1196648711463,3.646006,304.844483,18.23076923076923,17.5,12.980932762502677,3,53,5.7659062815488875,2.8961675892857146,6.203646940470882,378226.323833,2206.459185,474,4.654977183544304,5.7659062815488875,2.8961675892857146,6.203646940470882,0.669271269555983,0.7807733685252868
House of cards,144,52,2019-09-19 10:29:29.895732+00:00,2019-09-19 11:22:02.888105+00:00,1.3040108492801548,1.0827168165987964,0.9244597552539049,0.06811363643175,3.3727560331378097,24.534761134615387,13.821820500000001,28.707543186083154,2.075454,117.309079,14.807692307692308,12.0,9.67316575618377,3,45,1.9924593045272956,0.9242761754385964,2.9591189928311734,3152.992373,1275.807579,770,1.6568929597402597,1.9924593045272956,0.9242761754385964,2.9591189928311734,1.3040108492801548,0.9244597552539049
House of cards,148,28,2019-09-19 10:31:43.046234+00:00,2019-09-19 15:10:56.680638+00:00,0.9433158075420883,0.5927856845800581,1.0078277842825432,0.01979801265668141,3.5559759509346436,85.1453065357143,22.610226,91.10399090940383,2.249734,263.913928,19.678571428571427,17.5,14.90973723947758,3,65,6.377348320894236,1.7175438958333333,10.781501679672314,16753.634404,2384.068583,551,4.326803235934665,6.377348320894236,1.7175438958333333,10.781501679672314,0.9433158075420883,1.0078277842825432
House of cards,149,46,2019-09-19 10:54:09.058504+00:00,2019-09-23 17:32:10.172559+00:00,0.8908767374979483,0.5162158540070216,1.0770673669171764,0.029257332886027724,4.458408720971706,66.25421632608695,29.422157499999997,75.27497878682105,2.319226,304.186845,18.434782608695652,15.0,12.49293520161258,1,49,4.800001265580187,1.937197253787879,6.409030072826953,369481.114055,3047.6939509999997,848,3.5939787158018865,4.800001265580187,1.937197253787879,6.409030072826953,0.8908767374979483,1.0770673669171764
House of cards,151,24,2019-09-19 10:29:09.992664+00:00,2019-09-19 11:09:19.130879+00:00,1.0236249029361792,0.6394605862485059,1.2800621010196935,0.02348965227126817,5.714213711006718,64.34219029166667,28.278011499999998,87.53371764874906,2.508795,340.278831,19.458333333333332,17.5,13.551766022140457,3,46,5.123848729269219,1.5648530496098103,9.280116159042919,2409.138215,1544.212567,467,3.3066650256959313,5.123848729269219,1.5648530496098103,9.280116159042919,1.0236249029361792,1.2800621010196935
House of cards,152,71,2019-09-19 10:33:09.512341+00:00,2019-09-25 15:25:28.053407+00:00,0.9426064286942413,0.640641119464834,0.8475154868625107,0.03990563076530989,3.5861452148540285,40.28133043661972,16.258707,47.832639520856006,3.047306,186.019832,14.267605633802816,12.0,9.781845789126585,3,45,3.572870824468766,1.5609363333333333,5.0235667494106835,535938.541066,2859.9744610000002,1013,2.823271925962488,3.572870824468766,1.5609363333333333,5.0235667494106835,0.9426064286942413,0.8475154868625107
House of cards,156,29,2019-09-19 10:29:29.224350+00:00,2019-09-19 11:06:41.812821+00:00,0.7247734836562892,0.436284502287367,0.8871492784436276,0.0523219523204001,3.089061576791824,63.405781,38.776109,68.54156394545942,2.579216,229.34924,12.482758620689655,11.0,8.773420450653262,3,45,4.653100602392082,2.292082333333333,4.863823341725843,2232.588471,1838.767649,362,5.0794686436464085,4.653100602392082,2.292082333333333,4.863823341725843,0.7247734836562892,0.8871492784436276
House of cards,396,97,2019-08-14 15:40:19.345589+00:00,2019-08-14 17:18:08.962639+00:00,30.80347599205099,1.7403431260507323,168.70617463828117,0.13451040097191835,1303.4410844629822,10.62889192783505,7.095561,10.332937744234776,0.015344,52.638323,16.432989690721648,13.0,16.047395438003097,3,95,0.9397574726528731,0.5745993333333334,1.0911855435634996,5869.61705,1031.002517,1594,0.6468020809284818,0.9397574726528731,0.5745993333333334,1.0911855435634996,30.80347599205099,168.70617463828117
House of cards,397,93,2019-08-14 15:39:27.135735+00:00,2019-08-14 16:52:34.513451+00:00,77.6744796699969,1.3722769522483642,367.45622910559496,0.05649115048238829,2245.7779374775423,15.218093376344086,9.911995,14.662655321933217,0.021123,56.087764,17.053763440860216,12.0,14.963263413671156,3,62,1.4768201197919595,0.728715875,2.29379330843574,4387.377716,1415.282684,1586,0.8923598259773013,1.4768201197919595,0.728715875,2.29379330843574,77.6744796699969,367.45622910559496
House of cards,398,70,2019-08-14 15:39:54.785738+00:00,2019-08-14 16:45:17.778338+00:00,17.77564563529683,2.4589961605051833,61.77941649448284,0.21903436364420906,434.71173178286153,12.479979314285714,5.5319325,15.531776898223088,0.036806,65.095603,18.814285714285713,16.5,19.65521124772122,3,163,0.8283829582468353,0.406693494047619,0.956593731290726,3922.9926,873.598552,1317,0.6633246408504176,0.8283829582468353,0.406693494047619,0.956593731290726,17.77564563529683,61.77941649448284
House of cards,399,80,2019-08-14 15:39:14.370508+00:00,2019-08-14 16:13:49.185955+00:00,1.8062314280160545,1.222250656229271,1.688280485882122,0.12312375101727921,8.06012948713166,15.012434637499998,10.9231675,13.091294833457548,1.771584,55.279469,15.6125,12.0,11.847655058269835,3,46,1.2638236364827116,0.8183163045454546,1.251501037435398,2074.815447,1200.994771,1249,0.961565068855084,1.2638236364827116,0.8183163045454546,1.251501037435398,1.8062314280160545,1.688280485882122
House of cards,400,46,2019-08-14 15:43:54.065373+00:00,2019-08-14 16:51:36.837789+00:00,1.8011950292059873,1.313267446622629,1.7802058009560962,0.06522584230478558,8.127029910425355,12.475529760869565,7.571936,11.018141564774709,1.891762,45.99404,14.08695652173913,12.0,9.966223149455079,1,44,1.472346590282452,0.761986625,2.560483826877686,4062.772416,573.874369,648,0.8856085941358025,1.472346590282452,0.761986625,2.560483826877686,1.8011950292059873,1.7802058009560962
House of cards,401,106,2019-08-14 15:40:51.169179+00:00,2019-08-14 17:17:15.753954+00:00,68.58414843634772,1.4964824923416313,482.0603159537034,0.1240334743194273,3721.188558733685,14.068221160377357,9.008244000000001,13.124124747938499,0.018005,52.943699,20.09433962264151,13.0,17.56811413674368,1,89,1.2299221186691807,0.6687267152777778,1.5486602593162444,5784.584775,1491.231443,2130,0.7001086586854459,1.2299221186691807,0.6687267152777778,1.5486602593162444,68.58414843634772,482.0603159537034
House of cards,93,81,2019-12-08 14:31:41.334748+00:00,2019-12-08 21:25:22.513436+00:00,12.040846788669004,0.6941364214074449,98.48703174224086,0.022204173436487857,887.3901854645488,37.49974486419753,24.395785,40.41044404611559,0.022538,185.295765,15.530864197530864,16.0,9.927344080559875,3,44,4.171907689063865,1.4406389999999998,7.077883865001204,24821.178688,3037.479334,1258,2.4145304721780607,4.171907689063865,1.4406389999999998,7.077883865001204,12.040846788669004,98.48703174224086
House of cards,95,29,2019-09-19 10:34:07.411279+00:00,2019-09-22 11:32:04.413463+00:00,0.9935745556133304,0.3395130529188325,1.5076974053875327,0.022061139259623424,7.376062178565041,85.65471451724139,31.03468,120.33968263403038,2.080532,395.156313,15.10344827586207,14.0,10.27251821813288,2,44,6.687943300748312,2.9453948571428574,10.04952352533843,262677.002184,2483.986721,438,5.671202559360731,6.687943300748312,2.9453948571428574,10.04952352533843,0.9935745556133304,1.5076974053875327
Junior hacker,1,13,2021-02-08 13:02:45+00:00,2021-02-08 13:08:40+00:00,0.9890563198016614,0.8,0.7245144423565705,0.08163265306122448,2.4285714285714284,20.46153846153846,15.0,19.960859135716014,2.0,70.0,11.384615384615385,13.0,5.124100921762788,2,17,2.310259725191852,1.25,3.249982111245794,355.0,266.0,148,1.7972972972972974,2.310259725191852,1.25,3.249982111245794,0.9890563198016614,0.7245144423565705
Junior hacker,10,100,2021-02-11 10:54:37+00:00,2021-02-11 12:33:16+00:00,3.929579185907678,1.9782608695652173,7.561292637148087,0.03773584905660377,64.0,19.36,15.0,18.013193817731253,1.0,72.0,31.59,25.5,24.433002602251246,2,80,1.453987000274598,0.5055555555555555,3.296062603200903,5919.0,1936.0,3159,0.6128521684077239,1.453987000274598,0.5055555555555555,3.296062603200903,3.929579185907678,7.561292637148087
Junior hacker,11,110,2021-02-11 14:05:35+00:00,2021-02-11 16:06:16+00:00,2.5991465443021853,1.9285714285714286,3.4679318166696063,0.05405405405405406,19.0,13.863636363636363,5.0,18.890547742058615,1.0,91.0,13.49090909090909,9.0,13.752561365800194,2,51,1.7901921278658741,0.5192307692307692,3.1138051865885163,7241.0,1525.0,1484,1.0276280323450135,1.7901921278658741,0.5192307692307692,3.1138051865885163,2.5991465443021853,3.4679318166696063
Junior hacker,12,201,2021-02-11 14:21:34+00:00,2021-02-12 15:01:17+00:00,1.6195233768267798,1.0,3.06166189571659,0.02,35.5,16.049751243781095,7.0,20.103669128738932,1.0,100.0,12.90547263681592,8.0,16.520775402519625,2,71,2.516423633413821,1.0,6.169505966526557,88783.0,3226.0,2594,1.2436391673091751,2.516423633413821,1.0,6.169505966526557,1.6195233768267798,3.06166189571659
Junior hacker,13,42,2021-02-11 17:37:29+00:00,2021-02-12 11:22:09+00:00,1.3682453744490561,0.9565217391304348,1.6852352849930392,0.009708737864077669,6.5,56.88095238095238,29.0,60.986284895969135,3.0,211.0,29.738095238095237,19.5,23.57454137754201,2,77,6.123622385797339,1.0476190476190477,16.36337453065182,63880.0,2389.0,1249,1.9127301841473179,6.123622385797339,1.0476190476190477,16.36337453065182,1.3682453744490561,1.6852352849930392
Junior hacker,14,66,2021-02-11 18:15:58+00:00,2021-02-11 21:20:46+00:00,0.9590764341165572,0.515625,1.1653958346869346,0.01,6.25,44.24242424242424,16.0,55.83548929490872,2.0,214.0,16.37878787878788,13.5,14.810355162744074,2,70,6.534229829038241,1.9411764705882353,17.20128128119345,11088.0,2920.0,1081,2.7012025901942645,6.534229829038241,1.9411764705882353,17.20128128119345,0.9590764341165572,1.1653958346869346
Junior hacker,15,153,2021-02-11 19:03:29+00:00,2021-02-11 21:13:14+00:00,1.4767651155772987,1.3571428571428572,1.134663099421661,0.024096385542168676,6.625,16.15032679738562,8.0,20.63523151064131,1.0,91.0,14.163398692810457,8.0,16.349576493927533,2,90,2.5544515581966487,0.7368421052631579,5.868788970306373,7785.0,2471.0,2167,1.140286109829257,2.5544515581966487,0.7368421052631579,5.868788970306373,1.4767651155772987,1.134663099421661
Junior hacker,16,161,2021-02-11 19:17:54+00:00,2021-02-11 21:12:09+00:00,2.6981514671099376,1.5,4.148295036444487,0.034482758620689655,29.5,16.509316770186334,10.0,18.191041068484225,1.0,83.0,22.70807453416149,14.0,21.719702965151484,2,73,1.8527299448393213,0.6666666666666666,3.92012420755799,6855.0,2658.0,3656,0.7270240700218819,1.8527299448393213,0.6666666666666666,3.92012420755799,2.6981514671099376,4.148295036444487
Junior hacker,17,11,2021-02-12 15:49:05+00:00,2021-02-12 16:06:04+00:00,0.5176478075086414,0.17391304347826086,0.56055842739698,0.038834951456310676,1.5,37.81818181818182,26.0,33.86685158622863,2.0,103.0,9.636363636363637,4.0,14.9216133663403,2,53,8.30048122736802,5.75,9.176544654697034,1019.0,416.0,106,3.9245283018867925,8.30048122736802,5.75,9.176544654697034,0.5176478075086414,0.56055842739698
Junior hacker,18,3,2021-02-12 16:23:16+00:00,2021-02-12 16:27:51+00:00,0.8081771837971892,0.21052631578947367,1.1420195226819474,0.08900523560209424,2.125,91.66666666666667,76.0,92.50045044935368,8.0,191.0,16.666666666666668,17.0,0.5773502691896255,16,17,5.485294117647058,4.75,5.419890798067409,275.0,275.0,50,5.5,5.485294117647058,4.75,5.419890798067409,0.8081771837971892,1.1420195226819474
Junior hacker,2,45,2021-02-08 15:24:23+00:00,2021-02-09 15:35:06+00:00,1.4950580974214047,0.5983606557377049,2.3649637974565194,0.016,11.0,61.8,36.0,64.11020341426301,1.0,229.0,24.955555555555556,18.0,22.69556980753929,2,79,6.20755262653221,1.6712328767123288,11.366073165339971,87043.0,2781.0,1123,2.4764024933214603,6.20755262653221,1.6712328767123288,11.366073165339971,1.4950580974214047,2.3649637974565194
Junior hacker,3,80,2021-02-08 16:55:27+00:00,2021-02-11 21:29:40+00:00,1.7514037700127125,1.1295546558704452,1.6264988312228663,0.014814814814814815,6.0,28.075,11.0,35.923186334952206,1.0,135.0,18.6625,13.5,16.525349725325146,2,76,3.2844571978913266,0.8857142857142857,8.37387469400937,275653.0,2246.0,1493,1.5043536503683859,3.2844571978913266,0.8857142857142857,8.37387469400937,1.7514037700127125,1.6264988312228663
Junior hacker,4,68,2021-02-09 10:59:00+00:00,2021-02-10 08:58:40+00:00,1.65817559169546,0.575187969924812,2.5441996498926964,0.02857142857142857,15.333333333333334,45.36764705882353,29.0,42.48016373319372,3.0,180.0,26.264705882352942,18.5,22.471619013908047,2,80,4.525309385488911,1.7386363636363638,7.4810650678303094,79180.0,3085.0,1786,1.7273236282194848,4.525309385488911,1.7386363636363638,7.4810650678303094,1.65817559169546,2.5441996498926964
Junior hacker,5,34,2021-02-09 11:17:11+00:00,2021-02-09 11:45:05+00:00,1.8415819534868627,0.6722222222222223,2.832192259156989,0.019801980198019802,11.666666666666666,49.23529411764706,41.5,46.00464984636478,3.0,174.0,29.176470588235293,32.0,20.404204243296014,2,85,4.137382653596021,1.487704918032787,9.96709806539484,1674.0,1674.0,992,1.6875,4.137382653596021,1.487704918032787,9.96709806539484,1.8415819534868627,2.832192259156989
Junior hacker,6,132,2021-02-09 11:17:55+00:00,2021-02-11 11:44:17+00:00,3.4946199096986605,2.408333333333333,3.2301493917857704,0.07142857142857142,17.5,11.401515151515152,8.0,10.86830242893487,1.0,49.0,25.939393939393938,19.0,20.41544003925213,2,73,0.9545185967950769,0.41522988505747127,1.9103452188997805,174382.0,1505.0,3424,0.43954439252336447,0.9545185967950769,0.41522988505747127,1.9103452188997805,3.4946199096986605,3.2301493917857704
Junior hacker,7,127,2021-02-09 11:36:59+00:00,2021-02-11 14:29:32+00:00,2.4255885637998706,1.1153846153846154,4.01004751884783,0.03937007874015748,33.0,24.236220472440944,11.0,31.33800793217966,1.0,127.0,23.763779527559056,13.0,24.485971588838755,2,96,1.9792224391476552,0.896551724137931,3.7376741167520358,183153.0,3078.0,3018,1.0198807157057654,1.9792224391476552,0.896551724137931,3.7376741167520358,2.4255885637998706,4.01004751884783
Junior hacker,8,28,2021-02-09 14:08:21+00:00,2021-02-09 14:29:15+00:00,1.2116430352125456,0.5462962962962963,1.2990714722670722,0.10526315789473684,5.5,26.821428571428573,19.5,26.579097289005368,1.0,110.0,13.535714285714286,10.0,13.514004102349048,1,73,2.755049888942775,1.84375,2.723637800149426,1254.0,751.0,379,1.9815303430079156,2.755049888942775,1.84375,2.723637800149426,1.2116430352125456,1.2990714722670722
Junior hacker,9,83,2021-02-09 15:13:38+00:00,2021-02-09 16:23:46+00:00,1.6330850597026123,1.4210526315789473,1.3762292795115842,0.02247191011235955,8.375,21.59036144578313,8.0,27.510102864654307,1.0,107.0,19.710843373493976,9.0,22.06671155918218,2,76,2.4004925580926035,0.7037037037037037,6.146698552551659,4208.0,1792.0,1636,1.0953545232273838,2.4004925580926035,0.7037037037037037,6.146698552551659,1.6330850597026123,1.3762292795115842
Junior hacker adaptive,104,137,2021-01-14 09:28:09.833000+00:00,2021-01-14 10:30:38.708000+00:00,1.3897299405466432,1.226241569589209,1.105312125022377,0.03946875061669923,6.620209059233449,14.885087591240877,7.7,16.511299389257132,0.917,67.775,11.91970802919708,5.0,12.928001070499345,2,50,2.067515139624445,0.8155,3.522208913656804,3748.875,2039.257,1633,1.2487795468462952,2.067515139624445,0.8155,3.522208913656804,1.3897299405466432,1.105312125022377
Junior hacker adaptive,105,82,2021-01-14 09:27:23.981000+00:00,2021-01-14 11:01:27.539000+00:00,1.338020867630623,0.8593988632782981,1.7655825608041658,0.008923153799478887,11.408199643493761,31.44231707317073,14.46,39.23093774928592,1.078,159.409,20.963414634146343,10.5,22.95913983093821,1,84,4.417646125738339,1.163766129032258,13.145934749664129,5643.558,2578.27,1719,1.4998662012798138,4.417646125738339,1.163766129032258,13.145934749664129,1.338020867630623,1.7655825608041658
Junior hacker adaptive,106,94,2021-01-14 09:54:18.252000+00:00,2021-01-14 10:44:47.859000+00:00,1.5314145251351392,1.1959569326819521,1.5360911337457854,0.0613421666053245,9.532062391681109,18.487712765957447,12.053999999999998,17.885115599063884,1.418,76.253,22.180851063829788,11.0,25.400856291534165,2,97,1.8520555087795088,0.8361543456543457,2.626834381949864,3029.607,1737.845,2085,0.8334988009592327,1.8520555087795088,0.8361543456543457,2.626834381949864,1.5314145251351392,1.5360911337457854
Junior hacker adaptive,107,45,2021-01-14 09:28:55.488000+00:00,2021-01-14 09:57:50.097000+00:00,2.263803436825732,1.7791615701100856,1.9652719686426063,0.14837895986349137,9.607993850883936,16.150466666666667,5.221,22.600490955648812,0.785,89.912,16.355555555555554,11.0,15.316591650820357,2,63,1.0822533034344133,0.5620625,1.4067336809430204,1734.609,726.7710000000001,736,0.9874605978260871,1.0822533034344133,0.5620625,1.4067336809430204,2.263803436825732,1.9652719686426063
Junior hacker adaptive,11,57,2021-05-25 08:38:17.691000+00:00,2021-05-25 09:49:06.632000+00:00,0.9228302874674261,0.731814411865151,0.8145961991143279,0.03423250718882651,3.1992244304411055,43.05598245614035,20.497,55.34034453416784,2.029,228.309,14.263157894736842,8.0,13.05144534386555,2,60,3.72436245322659,1.3664666666666667,5.843537781218561,4248.941,2454.191,813,3.0186851168511684,3.72436245322659,1.3664666666666667,5.843537781218561,0.9228302874674261,0.8145961991143279
Junior hacker adaptive,12,67,2021-05-25 08:34:49.712000+00:00,2021-05-25 09:31:35.450000+00:00,0.8262657504739118,0.655307994757536,0.6901138660892798,0.018641413764819925,3.857061826432218,39.75428358208955,26.058,37.03076171354066,1.476,148.98,19.253731343283583,17.0,15.17208689385243,2,60,4.098217569050474,1.526,8.372511204889106,3405.738,2663.537,1290,2.064757364341085,4.098217569050474,1.526,8.372511204889106,0.8262657504739118,0.6901138660892798
Junior hacker adaptive,120,57,2020-12-11 08:56:10.283000+00:00,2020-12-11 09:40:56.987000+00:00,3.3252469688961246,1.424289449629047,5.328849868568881,0.08531331314251589,34.701857282502445,12.20961403508772,6.675,13.182733899410115,0.624,57.72,19.912280701754387,13.0,19.69797007467157,2,71,1.5452387388848212,0.7021044776119403,2.548403839970639,2686.704,695.948,1135,0.6131700440528635,1.5452387388848212,0.7021044776119403,2.548403839970639,3.3252469688961246,5.328849868568881
Junior hacker adaptive,121,46,2020-12-11 08:59:30.913000+00:00,2020-12-11 09:44:30.296000+00:00,1.7587176715775177,1.2752209066269855,2.179518879037559,0.042784409361228765,12.035903712770297,26.817304347826088,13.74,27.25815498677582,2.42,124.78,24.217391304347824,17.5,20.564168452786742,2,64,2.556668449264651,0.7855980392156863,4.147317008138044,2699.383,1233.596,1114,1.1073572710951527,2.556668449264651,0.7855980392156863,4.147317008138044,1.7587176715775177,2.179518879037559
Junior hacker adaptive,122,85,2020-12-11 08:54:43.777000+00:00,2020-12-11 09:45:57.719000+00:00,307.941326157133,1.7115960633290541,2005.7662562206456,0.06536374926465782,15000.0,16.378964705882353,7.61,20.448061175088657,0.001,76.166,17.388235294117646,12.0,17.095734721218133,2,57,1.5881399804597587,0.58425,2.5925246809837046,3073.942,1392.212,1478,0.941956698240866,1.5881399804597587,0.58425,2.5925246809837046,307.941326157133,2005.7662562206456
Junior hacker adaptive,123,71,2020-12-11 08:57:39.014000+00:00,2020-12-11 09:50:41.678000+00:00,1.058547571298144,0.982511298879937,0.7193054957827084,0.04472471935238606,3.657978966620942,13.605633802816902,6.719,15.597408485513991,0.998,61.506,10.098591549295774,5.0,12.723605654258167,2,60,2.0287009500801756,1.0178,3.071042862269905,3182.664,966.0,717,1.3472803347280335,2.0287009500801756,1.0178,3.071042862269905,1.058547571298144,0.7193054957827084
Junior hacker adaptive,13,96,2021-05-25 08:37:48.547000+00:00,2021-05-25 09:32:37.118000+00:00,67.14266337671417,1.2150717165538136,464.21276915167556,0.14935850522007976,4333.333333333333,15.009791666666667,7.9465,16.382056158406765,0.003,66.953,18.875,12.0,19.515311127959315,2,92,1.1525937460958975,0.8230916666666667,1.148869561724352,3288.571,1440.94,1812,0.7952207505518765,1.1525937460958975,0.8230916666666667,1.148869561724352,67.14266337671417,464.21276915167556
Junior hacker adaptive,14,56,2021-05-25 08:39:17.575000+00:00,2021-05-25 09:40:20.637000+00:00,0.8933194536273318,0.8589640982949338,0.6933002709197437,0.03140802160871887,3.2223415682062297,21.413589285714288,9.0445,24.180252109954807,1.743,95.517,12.321428571428571,5.0,14.359168300626408,2,67,2.9035834686016555,1.1647,5.0905554348478415,3663.062,1199.161,690,1.7379144927536232,2.9035834686016555,1.1647,5.0905554348478415,0.8933194536273318,0.6933002709197437
Junior hacker adaptive,15,56,2021-05-25 08:36:45.143000+00:00,2021-05-25 09:28:42.766000+00:00,1.1424051378375577,0.5805392288713116,1.2198119859368026,0.012108296604833632,5.668556185395132,45.274571428571434,25.8515,51.62983558858091,1.281,184.732,15.535714285714286,9.5,14.4221600774191,2,51,5.218601655863935,1.72256162464986,11.959751228460025,3117.623,2535.376,870,2.914225287356322,5.218601655863935,1.72256162464986,11.959751228460025,1.1424051378375577,1.2198119859368026
Junior hacker adaptive,16,56,2021-05-25 08:35:03.886000+00:00,2021-05-25 09:22:39.911000+00:00,1.1577328626484162,1.0463566822453538,0.9249476893216186,0.013794911057310958,4.970178926441352,27.902214285714287,8.8605,33.95423647404054,1.197,144.981,16.803571428571427,6.0,19.644494618879072,2,59,4.173589715344912,0.9559500000000001,11.659957320494875,2856.025,1562.5240000000001,941,1.6604930924548353,4.173589715344912,0.9559500000000001,11.659957320494875,1.1577328626484162,0.9249476893216186
Junior hacker adaptive,17,45,2021-05-25 08:37:10.102000+00:00,2021-05-25 09:46:29.902000+00:00,0.8765103861191241,0.44454323182929545,0.8899444620440415,0.0107863229425089,3.189668585654271,76.50426666666667,47.966,69.74104934372322,3.254,242.349,32.13333333333333,39.0,21.724096382504925,2,65,7.190563589808987,2.2495,17.310696279238215,4159.8,3442.692,1446,2.380838174273859,7.190563589808987,2.2495,17.310696279238215,0.8765103861191241,0.8899444620440415
Junior hacker adaptive,25,46,2021-05-25 08:36:10.370000+00:00,2021-05-25 09:18:10.374000+00:00,1.1379322413923254,0.9059711109163717,0.88251832747798,0.046900795437490615,3.875968992248062,24.059804347826088,6.9435,33.697028247223855,1.208,121.459,13.108695652173912,5.0,16.947275442605406,2,71,2.3131541944381513,1.1038800000000002,3.6937040909140086,2520.004,1106.751,603,1.835407960199005,2.3131541944381513,1.1038800000000002,3.6937040909140086,1.1379322413923254,0.88251832747798
Junior hacker adaptive,27,53,2021-05-25 08:36:50.462000+00:00,2021-05-25 08:53:18.305000+00:00,2.177943248911818,1.8975332068311195,1.7108078480377829,0.12623871741463108,8.712319219376198,8.868849056603773,4.733,8.889866647775966,0.455,37.35,13.415094339622641,6.0,14.342558995821534,2,54,1.1861966368709411,0.527,1.6208114833705252,987.843,470.049,711,0.6611097046413502,1.1861966368709411,0.527,1.6208114833705252,2.177943248911818,1.7108078480377829
Junior hacker adaptive,28,67,2021-05-25 08:24:32.031000+00:00,2021-05-25 09:25:19.498000+00:00,1.2650476775054718,1.0767574219350868,1.2394972561608888,0.01567189324306323,7.849978194505015,27.45002985074627,12.698,32.79531626202692,1.043,127.617,17.134328358208954,10.0,18.48414187022016,2,66,3.95695931472793,0.9287142857142857,10.609252693574144,3647.467,1839.152,1148,1.602048780487805,3.95695931472793,0.9287142857142857,10.609252693574144,1.2650476775054718,1.2394972561608888
Junior hacker adaptive,29,34,2021-05-25 08:52:08.091000+00:00,2021-05-25 09:45:12.654000+00:00,0.8764569447779316,0.7606375660580946,0.7234077810861281,0.01759819794453048,2.7303754266211606,46.01652941176471,11.675,63.78256194396296,1.939,234.586,15.117647058823529,9.5,16.937970086747015,2,62,4.651423935821895,1.3178614369501467,10.219187633069994,3184.563,1564.5620000000001,514,3.0438949416342416,4.651423935821895,1.3178614369501467,10.219187633069994,0.8764569447779316,0.7234077810861281
Junior hacker adaptive,30,52,2021-05-25 08:24:50.359000+00:00,2021-05-25 09:13:03.908000+00:00,1.954748989343629,1.2713905330382398,2.336653322799739,0.08488964346349746,15.978695073235686,12.797865384615385,7.6899999999999995,12.303486714523835,0.755,47.497,16.076923076923077,12.0,16.112163416337086,2,60,1.4199572337828725,0.7865538461538462,2.2499585458949403,2893.549,665.489,836,0.7960394736842106,1.4199572337828725,0.7865538461538462,2.2499585458949403,1.954748989343629,2.336653322799739
Junior hacker adaptive,31,52,2021-05-25 08:35:35.604000+00:00,2021-05-25 09:18:39.596000+00:00,1.821613364178046,0.8659690633499322,2.773665052840064,0.04114176629831072,14.360313315926893,33.79161538461538,19.875999999999998,36.815116216114724,1.999,138.833,22.98076923076923,18.0,20.529739675928376,2,62,2.390735955827447,1.1569361054766736,3.8308756914149535,2583.992,1757.164,1195,1.4704301255230126,2.390735955827447,1.1569361054766736,3.8308756914149535,1.821613364178046,2.773665052840064
Junior hacker adaptive,32,84,2021-05-25 08:39:19.758000+00:00,2021-05-25 09:37:49.841000+00:00,44.68554241284572,0.7755255228602796,399.9527449775545,0.02329861839192936,3666.6666666666665,25.228059523809527,14.0665,27.769044289124427,0.003,107.973,15.285714285714286,6.0,17.469816606213506,2,59,2.7884875201014134,1.290848484848485,5.315804915999478,3510.083,2119.157,1284,1.650433800623053,2.7884875201014134,1.290848484848485,5.315804915999478,44.68554241284572,399.9527449775545
Junior hacker adaptive,33,136,2021-05-25 08:25:21.168000+00:00,2021-05-25 10:19:58.423000+00:00,13.542631849184879,2.4777276294366857,35.20601557605578,0.06014314067480604,157.89473684210526,8.858573529411766,4.5745000000000005,10.29558514130988,0.19,41.076,16.926470588235293,12.0,14.550872369388701,2,64,1.140331299188746,0.4036181818181818,2.5200522166431716,6877.255,1204.766,2302,0.5233562119895743,1.140331299188746,0.4036181818181818,2.5200522166431716,13.542631849184879,35.20601557605578
Junior hacker adaptive,34,64,2020-12-02 08:53:51.388000+00:00,2020-12-02 10:31:13.071000+00:00,2.089298846065182,1.443323652186586,3.770709337097607,0.12055678688342158,29.41176470588235,20.073859375,5.3665,29.535403250512545,0.535,108.037,15.328125,8.0,17.53369064229441,2,62,1.2790275421930493,0.6932499999999999,1.4236516149930007,5841.683,1284.727,981,1.3096095820591234,1.2790275421930493,0.6932499999999999,1.4236516149930007,2.089298846065182,3.770709337097607
Junior hacker adaptive,35,65,2020-12-02 08:52:21.801000+00:00,2020-12-02 10:05:53.945000+00:00,2.599630229971734,2.070393374741201,2.1970994809064375,0.1081548777849881,9.070294784580499,14.705553846153846,4.05,22.191480024740613,0.412,81.246,14.615384615384615,8.0,15.691052693028109,2,61,1.1817715078170425,0.483,1.7399131724724795,4412.144,955.861,950,1.0061694736842106,1.1817715078170425,0.483,1.7399131724724795,2.599630229971734,2.1970994809064375
Junior hacker adaptive,36,32,2020-12-02 08:53:43.834000+00:00,2020-12-02 09:30:50.148000+00:00,1.884729627830597,1.301869810251791,1.6947487755666981,0.0580130529369108,6.2157221206581355,28.2953125,10.215499999999999,36.23653322220146,0.331,146.079,22.53125,12.0,21.76559044499723,2,68,1.9788464669580312,0.7698557312252965,3.5374732887435574,2226.314,905.45,721,1.2558252427184466,1.9788464669580312,0.7698557312252965,3.5374732887435574,1.884729627830597,1.6947487755666981
Junior hacker adaptive,37,89,2020-12-02 08:56:17.411000+00:00,2020-12-02 11:00:54.231000+00:00,1.4155113107540747,0.6216463813636959,3.1984714897947026,0.030465048972566224,28.846153846153847,46.33761797752809,30.564,44.14340744393767,0.208,169.112,26.370786516853933,18.0,25.348203281527358,2,86,3.710131545419643,1.6086315789473684,5.669127887046299,7476.82,4124.048,2347,1.7571572219855134,3.710131545419643,1.6086315789473684,5.669127887046299,1.4155113107540747,3.1984714897947026
Junior hacker adaptive,38,45,2020-12-02 08:53:25.437000+00:00,2020-12-02 10:16:19.404000+00:00,2.382542746693399,1.240454316393379,3.3169939404314044,0.10158265780865891,20.470829068577277,21.27388888888889,12.095,23.211601929777807,0.308,91.795,21.244444444444444,16.0,16.470573699170227,2,60,1.2418681310053283,0.80615625,1.617332375304088,4973.967,957.325,956,1.0013859832635983,1.2418681310053283,0.80615625,1.617332375304088,2.382542746693399,3.3169939404314044
Junior hacker adaptive,39,108,2021-05-25 08:34:57.738000+00:00,2021-05-25 09:21:43.223000+00:00,2.0514046628994986,1.355319698700828,1.9074711011613381,0.04665811267934212,10.252237591537837,13.73712037037037,6.5585,15.293595703631087,0.612,61.079,16.703703703703702,7.5,19.074501872090856,2,69,1.5768991157323724,0.7378333333333333,2.881852980109928,2805.485,1483.609,1804,0.822399667405765,1.5768991157323724,0.7378333333333333,2.881852980109928,2.0514046628994986,1.9074711011613381
Junior hacker adaptive,40,103,2021-05-25 08:25:21.440000+00:00,2021-05-25 09:14:53.358000+00:00,2.355932178035148,2.232142857142857,1.453721649899076,0.08715356458079135,6.8965517241379315,5.075077669902912,3.007,5.421407365014886,0.499,25.86,8.242718446601941,5.0,9.424068081474381,2,58,0.8337331612485492,0.448,1.2886866983562133,2971.918,522.733,849,0.6157043580683156,0.8337331612485492,0.448,1.2886866983562133,2.355932178035148,1.453721649899076
Junior hacker adaptive,41,43,2020-12-02 08:48:36.564000+00:00,2020-12-02 10:26:38.887000+00:00,0.990776410680888,0.49770377576182606,1.1739611093183309,0.007023359694343386,4.68110005851375,64.11758139534884,36.133,75.34133958453371,1.04,289.952,19.11627906976744,19.0,17.35649912901516,2,61,9.857005618471597,2.009227272727273,25.682919126191397,5882.323,2757.056,822,3.3540827250608274,9.857005618471597,2.009227272727273,25.682919126191397,0.990776410680888,1.1739611093183309
Junior hacker adaptive,42,35,2021-05-25 08:37:09.804000+00:00,2021-05-25 09:18:22.196000+00:00,0.6363190761495171,0.44678759717630234,0.6297656311023144,0.012719814290711354,2.3757544625658147,60.49245714285714,41.137,58.00178669222833,2.488,168.007,20.8,11.0,24.093933822828177,2,74,6.593924788698795,2.2382,13.973532531896614,2472.392,2117.236,728,2.9082912087912085,6.593924788698795,2.2382,13.973532531896614,0.6363190761495171,0.6297656311023144
Junior hacker adaptive,43,35,2020-12-02 08:53:43.601000+00:00,2020-12-02 09:21:21.052000+00:00,2.2183592273512955,1.3726111287086897,2.2532351893172313,0.02417327402823438,8.928571428571429,24.689314285714286,16.738,29.07710820617507,0.474,135.222,20.314285714285713,13.0,15.567257170045062,2,53,3.192075650258175,0.7285384615384616,8.088536068274776,1657.451,864.126,711,1.215367088607595,3.192075650258175,0.7285384615384616,8.088536068274776,2.2183592273512955,2.2532351893172313
Junior hacker adaptive,44,62,2020-12-02 08:53:22.418000+00:00,2020-12-02 09:59:36.836000+00:00,2.0245438378636944,1.664156429833802,1.4823846112012222,0.10290712631849756,8.603238866396762,10.6585,4.348000000000001,13.499653802179099,0.466,54.908,11.741935483870968,6.5,12.568416679591547,2,48,1.1251531594767896,0.601520979020979,1.7019618359281898,3974.418,660.827,728,0.9077293956043956,1.1251531594767896,0.601520979020979,1.7019618359281898,2.0245438378636944,1.4823846112012222
Junior hacker adaptive,45,104,2021-05-25 08:34:22.785000+00:00,2021-05-25 09:33:16.254000+00:00,27.854661170265032,1.728344612678749,206.33213756662437,0.08424244977043932,2000.0,12.860701923076922,7.0565,15.182673733779703,0.001,72.179,14.182692307692308,11.5,12.818194307407907,2,52,1.3032272153679254,0.5786,2.0112505324334222,3533.469,1337.513,1475,0.9067884745762711,1.3032272153679254,0.5786,2.0112505324334222,27.854661170265032,206.33213756662437
Junior hacker adaptive,59,67,2021-05-26 11:32:10.254000+00:00,2021-05-26 12:06:42.017000+00:00,90.9142465981036,1.278772378516624,732.8486736285552,0.03428238399698315,6000.0,15.411194029850746,7.273,17.90741724794743,0.001,65.962,11.522388059701493,6.0,13.934215800264472,2,51,2.7693630016880157,0.782,4.958759357814696,2071.763,1032.55,772,1.3375,2.7693630016880157,0.782,4.958759357814696,90.9142465981036,732.8486736285552
Junior hacker adaptive,61,64,2021-05-26 11:36:51.757000+00:00,2021-05-26 12:30:46.232000+00:00,0.7980186612972535,0.6044984193674225,0.7236389330622921,0.04039457420079335,3.5113657364627615,46.68484375,33.0185,40.04703141970393,3.602,140.534,21.484375,13.0,18.351066910292484,3,69,3.5531980108942625,1.6543625,4.778497919939156,3234.475,2987.83,1375,2.1729672727272726,3.5531980108942625,1.6543625,4.778497919939156,0.7980186612972535,0.7236389330622921
Junior hacker adaptive,62,72,2021-05-26 11:39:03.505000+00:00,2021-05-26 12:39:27.630000+00:00,0.9904531409800668,0.8201170001162135,0.81810182807662,0.02276271012826787,3.643540306664643,20.824027777777776,11.129,22.765455183003883,0.974,87.94,12.847222222222221,6.0,17.726132314274345,2,84,4.066491564815149,1.2196833333333332,7.275067702700258,3624.125,1499.33,925,1.6208972972972973,4.066491564815149,1.2196833333333332,7.275067702700258,0.9904531409800668,0.81810182807662
Junior hacker adaptive,63,95,2021-05-26 12:14:30.017000+00:00,2021-05-26 13:38:28.947000+00:00,0.9309149482712926,0.7528986598403855,0.8393987612770867,0.051939957409234926,6.451612903225807,18.879957894736844,8.162,22.153061950081884,1.366,94.422,12.421052631578947,5.0,16.26743185956871,2,68,2.275389575167747,1.3282,2.927150270412352,5038.93,1793.596,1180,1.5199966101694915,2.275389575167747,1.3282,2.927150270412352,0.9309149482712926,0.8393987612770867
Junior hacker adaptive,64,47,2021-05-26 11:27:02.741000+00:00,2021-05-26 12:06:09.013000+00:00,1.3312230332075186,1.032386341911062,1.040372805973671,0.05402777027392079,3.7099003418927765,18.267361702127662,8.301,23.82441533880512,0.655,93.237,11.148936170212766,6.0,13.395292364831587,2,54,2.4973208027064255,0.9686296296296296,4.15009270453694,2346.272,858.566,524,1.6384847328244276,2.4973208027064255,0.9686296296296296,4.15009270453694,1.3312230332075186,1.040372805973671
Junior hacker adaptive,65,103,2021-05-26 11:48:09.350000+00:00,2021-05-26 12:27:54.685000+00:00,1.8251697015265673,1.6764459346186085,1.4020612749259067,0.042800890258517375,8.85608856088561,11.75616504854369,5.259,13.725662906307658,0.73,52.811,13.058252427184467,7.0,15.428408507455028,2,80,1.6759937465647918,0.5965,3.3009777536271616,2385.335,1210.885,1345,0.9002862453531598,1.6759937465647918,0.5965,3.3009777536271616,1.8251697015265673,1.4020612749259067
Junior hacker adaptive,66,115,2021-05-26 11:31:59.541000+00:00,2021-05-26 12:48:20.924000+00:00,1.5274765122622436,1.4716703458425313,1.1298080387885006,0.03194020793075363,6.564551422319474,11.895382608695652,4.486,15.854489207406365,0.603,64.058,9.504347826086956,6.0,11.92180216643019,2,51,2.1085307962884,0.6795,4.265674911697172,4581.383,1367.969,1093,1.251572735590119,2.1085307962884,0.6795,4.265674911697172,1.5274765122622436,1.1298080387885006
Junior hacker adaptive,67,109,2021-05-26 11:42:16.133000+00:00,2021-05-26 12:23:24.699000+00:00,1.7895452453186012,1.592356687898089,1.053080711641819,0.08783872809521719,6.5047701647875105,5.0169999999999995,3.116,5.1829039532764725,0.483,26.576,7.761467889908257,5.0,9.764731589272358,2,59,0.9328734935364441,0.628,1.2907187482405997,2468.566,546.853,846,0.6463983451536642,0.9328734935364441,0.628,1.2907187482405997,1.7895452453186012,1.053080711641819
Junior hacker adaptive,68,34,2020-12-04 08:59:13.113000+00:00,2020-12-04 09:47:57.407000+00:00,1818.4606813399585,3.5459120824974484,4167.057752188193,0.04096849522717031,17000.0,11.783441176470589,1.0614999999999999,22.09008461675108,0.001,83.03,8.441176470588236,5.0,10.935599847677333,2,48,2.0468444459299078,0.2821,5.048954748865129,2924.294,400.637,287,1.3959477351916376,2.0468444459299078,0.2821,5.048954748865129,1818.4606813399585,4167.057752188193
Junior hacker adaptive,69,16,2020-12-04 08:44:39.224000+00:00,2020-12-04 09:40:08.573000+00:00,4104.742272116384,1.4672417861217262,6722.409857367358,0.061100685200541176,18000.0,29.926312499999998,3.6965000000000003,51.71161308863964,0.001,178.13,12.75,12.5,7.353003921300917,2,25,2.6437263705595875,0.6893571428571429,4.605006623803891,3329.349,478.82099999999997,204,2.347161764705882,2.6437263705595875,0.6893571428571429,4.605006623803891,4104.742272116384,6722.409857367358
Junior hacker adaptive,70,4,2020-12-04 08:58:49.595000+00:00,2020-12-04 09:15:49.488000+00:00,13000.098808220844,15500.0,9486.65244896198,0.39523288337589685,21000.0,8.22375,0.001,16.445500000000003,0.001,32.892,16.25,16.0,4.425306015783918,12,21,0.6325843575284366,6.798245614035087e-05,1.2650463258487867,1019.893,32.895,65,0.5060769230769231,0.6325843575284366,6.798245614035087e-05,1.2650463258487867,13000.098808220844,9486.65244896198
Junior hacker adaptive,71,29,2020-12-04 09:00:38.767000+00:00,2020-12-04 10:29:07.421000+00:00,3639.1063941742573,1.9388516032811334,8693.594325141901,0.02673439379762064,33000.0,19.248344827586205,7.891,29.034718775577065,0.001,112.215,19.03448275862069,15.0,15.14803796493764,2,55,2.152222658450492,0.5157692307692308,6.868049772213468,5308.654,558.202,552,1.0112355072463768,2.152222658450492,0.5157692307692308,6.868049772213468,3639.1063941742573,8693.594325141901
Junior hacker adaptive,72,13,2020-12-04 09:20:00.369000+00:00,2020-12-04 09:22:05.540000+00:00,2.3233549909352016,1.53576129881527,1.8933266854277628,0.1592211809662451,5.065856129685917,9.628538461538461,4.308,14.338565360682503,0.409,43.964,7.6923076923076925,6.0,5.864932727443334,2,18,1.250552858579329,0.6511428571428571,1.6684483402515617,125.171,125.17099999999999,100,1.2517099999999999,1.250552858579329,0.6511428571428571,1.6684483402515617,2.3233549909352016,1.8933266854277628
Junior hacker adaptive,74,119,2021-05-28 08:35:15.217000+00:00,2021-05-28 09:19:17.469000+00:00,1.9573566428786933,1.8573551263001484,1.3853570723060402,0.08203781943475942,7.764609726195341,5.418605042016806,2.68,6.427584114274667,0.557,29.952,6.226890756302521,5.0,5.293803500784084,2,22,1.1733476789961836,0.5384,1.8224487904683009,2642.252,644.814,741,0.8701943319838056,1.1733476789961836,0.5384,1.8224487904683009,1.9573566428786933,1.3853570723060402
Junior hacker adaptive,76,79,2021-05-28 08:34:49.126000+00:00,2021-05-28 09:39:58.418000+00:00,792.154425533529,0.6298064173959163,6234.392872025444,0.014614007526213876,55000.0,32.87777215189873,17.397,34.186871475851575,0.001,136.855,15.860759493670885,12.0,15.181579743832268,2,63,4.277005663598903,1.5877894736842104,8.891623290419671,3909.292,2597.344,1253,2.0729002394253793,4.277005663598903,1.5877894736842104,8.891623290419671,792.154425533529,6234.392872025444
Junior hacker adaptive,77,37,2021-05-28 08:37:53.399000+00:00,2021-05-28 09:02:59.816000+00:00,5.22960447113521,1.2330456226880395,16.397390768963,0.06401365624666595,74.07407407407408,11.665810810810811,5.067,15.3940142783519,0.027,64.935,8.0,6.0,9.15605446321358,2,52,2.140425309894529,0.8109999999999999,3.42177413195341,1506.417,431.635,296,1.4582263513513514,2.140425309894529,0.8109999999999999,3.42177413195341,5.22960447113521,16.397390768963
Junior hacker adaptive,78,54,2021-05-28 08:37:44.271000+00:00,2021-05-28 09:24:44.656000+00:00,0.8297246455766285,0.7531548162252921,0.6158063678617234,0.04869165522412769,2.2638402963572752,40.280685185185185,20.093,44.84325293135033,1.624,179.763,16.925925925925927,12.0,15.069464128710251,2,70,2.905526317995686,1.3277888888888891,3.64474241837023,2820.385,2175.157,914,2.379821663019694,2.905526317995686,1.3277888888888891,3.64474241837023,0.8297246455766285,0.6158063678617234
Junior hacker adaptive,79,25,2021-05-28 08:44:47.542000+00:00,2021-05-28 09:27:40.371000+00:00,0.6944840972166131,0.29879155415873576,0.882765137085625,0.017334868046984427,3.63901018922853,84.24632,48.602,87.72106257940563,2.943,305.64,14.76,13.0,8.520954563114785,5,34,8.594237951381201,3.346814814814815,12.961271575052857,2572.829,2106.158,369,5.707745257452574,8.594237951381201,3.346814814814815,12.961271575052857,0.6944840972166131,0.882765137085625
Junior hacker adaptive,80,64,2021-05-28 08:35:19.706000+00:00,2021-05-28 09:36:04.267000+00:00,15.404005533703305,0.492539285233798,117.09442619211573,0.01984343529551836,937.5,42.88509375,19.962,48.25398362721811,0.016,169.572,16.609375,8.0,19.812307532488607,2,69,5.24991057645382,2.030333333333333,9.41465240336871,3644.561,2744.646,1063,2.5819811853245533,5.24991057645382,2.030333333333333,9.41465240336871,15.404005533703305,117.09442619211573
Junior hacker adaptive,81,34,2021-05-28 08:33:57.934000+00:00,2021-05-28 09:26:56.691000+00:00,0.5940812457217187,0.31444096721106163,0.5706708368529156,0.02832941443100371,2.1851410409217324,51.0815,28.2065,44.979990953048926,5.034,176.495,15.382352941176471,16.0,8.513855751094543,2,32,4.690621100263784,3.334815649867374,6.205615136252175,3178.757,1736.771,523,3.3207858508604207,4.690621100263784,3.334815649867374,6.205615136252175,0.5940812457217187,0.5706708368529156
Junior hacker adaptive,86,57,2021-05-28 08:35:14.430000+00:00,2021-05-28 09:34:49.277000+00:00,685.5423405145389,0.9182240466673869,5165.49679494187,0.013264094758692958,39000.0,46.2950350877193,29.189,48.090840024361675,0.001,158.302,26.70175438596491,19.0,22.480916440617477,2,73,4.708409972985603,1.0890588235294116,12.206798452902165,3574.847,2638.817,1522,1.7337825229960577,4.708409972985603,1.0890588235294116,12.206798452902165,685.5423405145389,5165.49679494187
Kobylka 3302,128,34,2020-05-06 14:20:12.098331+00:00,2020-05-06 15:37:03.137332+00:00,1.2236800978761426,0.6686552037976912,1.4589178319664209,0.05374509833034884,6.942217891227622,103.47192838235294,48.1450815,109.89246464647145,8.666037,353.520611,38.11764705882353,36.5,16.79423549349751,14,65,3.897923904313261,1.495742725093985,5.181140286917884,4611.039001,3518.045565,1296,2.7145413310185185,3.897923904313261,1.495742725093985,5.181140286917884,1.2236800978761426,1.4589178319664209
Kobylka 3302,129,14,2020-05-06 14:40:34.978581+00:00,2020-05-06 15:26:14.588086+00:00,0.7926934825198012,0.6500703661961325,0.690167086790683,0.02761549165897824,1.9062462697710643,65.75763571428571,21.3298655,80.69046499107468,3.88125,224.553991,14.0,12.5,9.478721108153454,3,40,7.49459602354134,1.5952927,11.763536909088538,2739.609505,920.6069,196,4.696973979591837,7.49459602354134,1.5952927,11.763536909088538,0.7926934825198012,0.690167086790683
Kobylka 3302,130,9,2020-05-06 14:26:28.378340+00:00,2020-05-06 15:05:35.286306+00:00,0.3475710334045153,0.24307701469825937,0.3804977622959428,0.03782417184080269,1.1360296365629579,260.7675517777777,115.18983,265.8757304889244,32.09743,736.871458,34.888888888888886,30.0,14.426056672254935,18,54,7.822009647761064,4.1139225,8.143093208357946,2346.907966,2346.9079659999998,314,7.474229191082801,7.822009647761064,4.1139225,8.143093208357946,0.3475710334045153,0.3804977622959428
Kobylka 3302,172,306,2020-05-06 17:04:37.462527+00:00,2020-05-07 12:31:01.169936+00:00,2.2205720876944786,1.7750383052429812,1.7871615095580842,0.06550155770891926,12.735852060342467,11.118347222222223,7.2987515,11.480347998754892,0.157037,54.755955,13.918300653594772,12.0,11.123591458644071,2,58,1.0646053211816289,0.5633785096153846,1.6633246855269779,69983.707409,3402.21425,4259,0.7988293613524301,1.0646053211816289,0.5633785096153846,1.6633246855269779,2.2205720876944786,1.7871615095580842
Kobylka 3302,181,41,2019-12-12 08:12:29+00:00,2019-12-12 09:14:23+00:00,0.9108002648738309,0.7222222222222222,0.8424008806355135,0.04142011834319527,3.625,43.31707317073171,18.0,51.36654505823331,4.0,186.0,15.268292682926829,13.0,8.51476479488395,5,44,3.281910114942465,1.3846153846153846,4.490114270806971,3714.0,1776.0,626,2.8370607028753994,3.281910114942465,1.3846153846153846,4.490114270806971,0.9108002648738309,0.8424008806355135
Kobylka 3302,183,51,2019-12-12 08:08:27+00:00,2019-12-12 09:13:25+00:00,1.3859050071493821,0.9361702127659575,1.331935552228546,0.02666666666666667,5.5,28.686274509803923,16.0,26.650696198094664,1.0,109.0,21.725490196078432,13.0,23.251734069847394,2,102,3.9811887655454155,1.0681818181818181,7.96268115157934,3898.0,1463.0,1108,1.3203971119133573,3.9811887655454155,1.0681818181818181,7.96268115157934,1.3859050071493821,1.331935552228546
Kobylka 3302,184,64,2019-12-12 08:10:39+00:00,2019-12-12 09:22:06+00:00,1.1961478350688275,0.86441647597254,1.1025927170895184,0.04878048780487805,5.833333333333333,23.953125,15.5,23.065420890870733,1.0,106.0,15.09375,12.0,12.983162172598785,2,53,2.7837432727286786,1.1605222734254994,4.196040977699861,4287.0,1533.0,966,1.5869565217391304,2.7837432727286786,1.1605222734254994,4.196040977699861,1.1961478350688275,1.1025927170895184
Kobylka 3302,185,75,2019-12-12 08:11:09+00:00,2019-12-12 09:28:13+00:00,1.126774386550974,0.6666666666666666,1.1493115543120895,0.02040816326530612,6.0,26.16,20.0,25.110049673280113,1.0,98.0,12.946666666666667,11.0,11.05868050060288,2,60,2.9455077257842923,1.5,5.9018503930456605,4624.0,1962.0,971,2.020597322348095,2.9455077257842923,1.5,5.9018503930456605,1.126774386550974,1.1493115543120895
Kobylka 3302,187,68,2019-12-12 08:17:36+00:00,2019-12-12 09:19:15+00:00,13.841814261164538,1.9,44.5147677137509,0.045454545454545456,310.0,13.558823529411764,9.0,14.759851102413204,0.1,60.0,15.941176470588236,12.5,14.267050394299027,2,57,1.725668724339338,0.5277777777777778,3.3343123342324077,3699.0,922.0,1084,0.8505535055350554,1.725668724339338,0.5277777777777778,3.3343123342324077,13.841814261164538,44.5147677137509
Kobylka 3302,188,50,2019-12-12 08:41:21+00:00,2019-12-12 09:56:51+00:00,0.92935336975661,0.8452380952380952,0.7791644231114618,0.07142857142857142,4.0,27.54,18.0,26.77282356481387,2.0,105.0,13.74,13.0,6.60491468220322,2,32,2.3280013644909157,1.1833333333333333,2.602549644249352,4530.0,1377.0,687,2.004366812227074,2.3280013644909157,1.1833333333333333,2.602549644249352,0.92935336975661,0.7791644231114618
Kobylka 3302,189,20,2019-12-12 08:24:45+00:00,2019-12-12 09:42:05+00:00,7.001628407782512,0.33805668016194335,18.497684866230518,0.11688311688311688,70.0,41.405,29.5,36.00756462920418,0.1,100.0,14.85,17.0,6.682853156832751,5,23,2.6717366667149274,2.982142857142857,2.2049317676439495,4640.0,828.1,297,2.788215488215488,2.6717366667149274,2.982142857142857,2.2049317676439495,7.001628407782512,18.497684866230518
Kobylka 3302,190,49,2019-12-12 08:23:24+00:00,2019-12-12 09:37:17+00:00,0.8936852978567836,0.42857142857142855,1.2552605202444374,0.011049723756906077,6.428571428571429,55.142857142857146,42.0,50.15185274078449,5.0,221.0,19.408163265306122,15.0,13.160734476950331,2,51,6.662573995211717,2.3333333333333335,14.800246865083746,4433.0,2702.0,951,2.8412197686645637,6.662573995211717,2.3333333333333335,14.800246865083746,0.8936852978567836,1.2552605202444374
Kobylka 3302,192,53,2019-12-12 08:38:22+00:00,2019-12-12 09:32:32+00:00,1.5387448960805816,0.625,2.5931111299607803,0.03508771929824561,14.5,31.867924528301888,24.0,30.377773843494552,2.0,120.0,15.226415094339623,15.0,8.312737005144026,2,41,3.312651067863561,1.6,5.273089182498937,3250.0,1689.0,807,2.092936802973978,3.312651067863561,1.6,5.273089182498937,1.5387448960805816,2.5931111299607803
Kobylka 3302,195,13,2019-12-12 09:38:03+00:00,2019-12-12 09:57:59+00:00,0.6733579389701482,0.29411764705882354,0.71913135145696,0.06293706293706294,2.142857142857143,58.92307692307692,35.0,63.7840909350463,3.0,182.0,13.461538461538462,15.0,6.091187413186701,4,21,4.587275256827531,3.4,4.982891979822185,1196.0,766.0,175,4.377142857142857,4.587275256827531,3.4,4.982891979822185,0.6733579389701482,0.71913135145696
Kobylka 3302,197,16,2019-12-12 09:39:30+00:00,2019-12-12 10:02:59+00:00,1.6455445051739752,0.6561866125760649,2.1025537690220917,0.10365853658536585,7.0,57.1875,26.5,59.12159081080278,2.0,164.0,25.3125,23.0,11.796715644619056,10,56,2.31538919552143,1.5404761904761903,2.587060265982458,1409.0,915.0,405,2.259259259259259,2.31538919552143,1.5404761904761903,2.587060265982458,1.6455445051739752,2.1025537690220917
Kobylka 3302,205,13,2019-12-12 09:44:04+00:00,2019-12-12 10:00:14+00:00,1.071529354834052,0.425531914893617,1.2685400911760518,0.034934497816593885,4.333333333333333,74.61538461538461,36.0,84.00549432580631,3.0,239.0,17.384615384615383,17.0,7.869121737721239,8,39,5.263580499440228,2.35,7.871112772095987,970.0,970.0,226,4.292035398230088,5.263580499440228,2.35,7.871112772095987,1.071529354834052,1.2685400911760518
Kobylka 3302,22,39,2021-04-22 14:31:08.198000+00:00,2021-04-22 14:45:48.283000+00:00,1.7517639731068197,0.9922603691208574,1.9986185502424505,0.11246063877642826,8.423326133909287,16.240666666666666,10.288,13.216028594362891,1.59,51.279,14.0,13.0,9.475730773096632,2,39,1.770320586820587,1.0078,1.9480524783591762,880.085,633.386,546,1.160047619047619,1.770320586820587,1.0078,1.9480524783591762,1.7517639731068197,1.9986185502424505
Kobylka 3302,23,27,2021-04-22 14:22:31.997000+00:00,2021-04-22 15:06:04.619000+00:00,630.9085473615693,0.3821266622509808,2588.829561624118,0.02066991184282599,13000.0,47.52411111111111,39.254,51.374276379955965,0.001,193.518,11.703703703703704,11.0,8.085194516545064,2,39,6.714114022226961,2.6169333333333333,10.26189468014405,2612.622,1283.151,316,4.060604430379747,6.714114022226961,2.6169333333333333,10.26189468014405,630.9085473615693,2588.829561624118
Kobylka 3302,24,47,2021-04-22 14:15:37.960000+00:00,2021-04-22 14:48:22.435000+00:00,1.9925593358315823,1.0226442658875092,2.46571634467935,0.12577034335303736,11.220438460210598,19.404744680851064,12.285,16.900622394595395,1.423,73.517,18.617021276595743,15.0,14.531155720949862,2,65,1.6646191234334864,0.9778571428571429,1.7677683104410729,1964.475,912.023,875,1.0423120000000001,1.6646191234334864,0.9778571428571429,1.7677683104410729,1.9925593358315823,2.46571634467935
Kobylka 3302,25,103,2021-04-22 14:30:41.184000+00:00,2021-04-22 15:59:28.325000+00:00,1.5315178432524976,1.1784511784511784,1.3464594069812377,0.054011720543357906,6.587202007528231,17.93188349514563,7.133,22.268835386182236,0.839,95.945,10.660194174757281,9.0,8.157221506556295,2,39,1.9484870992779717,0.8485714285714286,2.699401479411244,5327.141,1846.984,1098,1.6821347905282331,1.9484870992779717,0.8485714285714286,2.699401479411244,1.5315178432524976,1.3464594069812377
Kobylka 3302,28,50,2021-04-22 14:19:31.831000+00:00,2021-04-22 15:47:50.921000+00:00,0.9027562352755913,0.46067655764654536,1.007568757278612,0.009699556245301777,3.5526983589917105,45.69334,17.9775,57.53709700231209,1.902,206.195,10.92,12.0,6.458154155952057,2,28,7.605954009588451,2.17755,16.340112163113506,5299.09,2284.667,546,4.184371794871795,7.605954009588451,2.17755,16.340112163113506,0.9027562352755913,1.007568757278612
Kobylka 3302,29,44,2021-04-22 14:18:32.347000+00:00,2021-04-22 16:01:12.698000+00:00,273.43775739831483,0.3945620061904662,1808.9587461363237,0.011955966176571688,12000.0,70.87868181818182,29.2725,83.97232827898773,0.001,334.561,12.204545454545455,12.0,8.11997120356489,2,39,8.790613841145893,2.589483870967742,14.993130454072702,6160.351,3118.662,537,5.807564245810055,8.790613841145893,2.589483870967742,14.993130454072702,273.43775739831483,1808.9587461363237
Kobylka 3302,30,26,2021-04-22 14:23:26.433000+00:00,2021-04-22 15:27:01.739000+00:00,2.544796798775237,0.848043636444858,6.098753664578597,0.07619213479477104,31.674208144796378,34.33611538461538,14.6805,36.79169158853876,0.663,142.938,17.923076923076923,16.0,10.560011655005225,3,39,2.5978517210297576,1.2417647058823529,3.40248839538073,3815.306,892.739,466,1.9157489270386268,2.5978517210297576,1.2417647058823529,3.40248839538073,2.544796798775237,6.098753664578597
Kobylka 3302,31,105,2021-04-22 14:43:47.989000+00:00,2021-04-22 15:44:23.656000+00:00,373.80764404607476,1.511258878645912,2519.786067535421,0.05592841163310962,23000.0,13.426390476190475,7.318,14.925479472710187,0.001,68.791,12.81904761904762,11.0,9.557297808059632,2,39,1.5853620734438756,0.6617,2.8331868259070903,3635.667,1409.771,1346,1.0473781575037147,1.5853620734438756,0.6617,2.8331868259070903,373.80764404607476,2519.786067535421
Kobylka 3302,42,180,2020-07-15 07:21:41.557424+00:00,2020-07-15 09:35:00.246702+00:00,695.9970344744135,1.4491570086884782,3993.581438666797,0.1324880200192048,37735.84905660377,22.528405411111112,9.830221,29.221947028253243,0.00032,118.696688,31.166666666666668,17.0,108.84710716151427,3,1049,1.1839228031911482,0.6900665922459893,1.4996953648286442,7998.689278,4055.112974,5610,0.7228365372549019,1.1839228031911482,0.6900665922459893,1.4996953648286442,695.9970344744135,3993.581438666797
Kobylka 3302,43,103,2020-07-15 07:33:10.953921+00:00,2020-07-15 09:29:01.563669+00:00,1.3892012205135291,0.7763199638959462,1.5369921888207219,0.029265965967252026,7.805429101690905,29.438559980582525,22.213631,28.582136022636046,0.533358,132.193778,14.601941747572816,12.0,9.796297625789244,2,53,3.1689100243358626,1.2881286666666667,5.435256693236885,6950.609748,3032.171678,1504,2.016071594414894,3.1689100243358626,1.2881286666666667,5.435256693236885,1.3892012205135291,1.5369921888207219
Kobylka 3302,44,42,2020-07-15 07:25:42.683083+00:00,2020-07-15 08:18:22.526715+00:00,2.1383699095437825,1.5830229244779803,2.041524008046695,0.04481412713373504,10.485642533960375,14.98039557142857,10.208164499999999,16.67415188981436,0.815903,76.357954,15.880952380952381,15.5,11.77471946939896,2,56,1.5218270281427668,0.6322654999999999,3.459076264631384,3159.843632,629.176614,667,0.9432932743628185,1.5218270281427668,0.6322654999999999,3.459076264631384,2.1383699095437825,2.041524008046695
Kobylka 3302,50,11,2020-07-15 07:29:27.455962+00:00,2020-07-15 08:07:55.666503+00:00,5.218064614477964,1.5458490567948673,12.114502709728407,0.18961794638454763,41.22145046506629,62.085181727272726,37.519834,65.78006946198377,1.358516,213.204029,42.36363636363637,48.0,20.853166317241744,19,83,1.9688471547443107,0.6468936896551725,2.0393341403920306,2308.210541,682.936999,466,1.4655300407725322,1.9688471547443107,0.6468936896551725,2.0393341403920306,5.218064614477964,12.114502709728407
Kobylka 3302,54,173,2020-07-15 07:26:51.371837+00:00,2020-07-15 10:42:16.555892+00:00,642.5841200185423,1.5128897686603735,1015.4158413878569,0.029836601344566546,3029.872650665152,21.08119216184971,10.361877,26.74616462874613,0.021123,111.972319,31.734104046242773,21.0,23.688846456317204,2,64,1.989107378664274,0.6609866896551725,4.00756228159637,11725.184055,3647.046244,5490,0.664307148269581,1.989107378664274,0.6609866896551725,4.00756228159637,642.5841200185423,1015.4158413878569
Kobylka 3302,56,68,2020-07-15 07:21:04.976800+00:00,2020-07-15 09:26:26.808490+00:00,1.3595625242884335,0.9490519319954729,1.1934177863658915,0.015830946765338635,4.662231071827497,28.89807980882353,18.946020500000003,29.36985831841568,0.461031,126.334832,17.176470588235293,13.0,13.112533797142776,2,60,3.264474724729459,1.0539883260233918,8.808556967384522,7521.83169,1965.069427,1168,1.6824224546232875,3.264474724729459,1.0539883260233918,8.808556967384522,1.3595625242884335,1.1934177863658915
Kobylka 3302,66,100,2020-07-15 07:29:20.211029+00:00,2020-07-15 09:29:10.324872+00:00,246.71391999121758,5.9869578709382,411.1219053297481,0.05432115115427964,2046.2773492838028,13.843990289999999,6.466274500000001,19.19215088659577,0.026324,78.173403,34.62,18.0,28.01867342694976,2,90,1.0740738303815163,0.16787419711538462,2.931917020100031,7190.113843,1384.399029,3462,0.39988417937608317,1.0740738303815163,0.16787419711538462,2.931917020100031,246.71391999121758,411.1219053297481
Kobylka 3302,69,61,2020-07-15 07:31:12.187799+00:00,2020-07-15 08:53:52.691471+00:00,0.7189393815018275,0.5173365004181187,0.6000037130935654,0.057161313169896054,2.6620737021725183,31.326970016393442,16.135066,38.92959233816775,1.282582,161.347376,9.557377049180328,9.0,5.866641828064656,2,24,3.3714368809958484,1.932977857142857,3.754581442174994,4960.503672,1910.945171,583,3.2777790240137223,3.3714368809958484,1.932977857142857,3.754581442174994,0.7189393815018275,0.6000037130935654
Kobylka 3302,70,61,2020-07-15 07:23:16.889333+00:00,2020-07-15 09:26:14.033306+00:00,0.8247048403821381,0.42783595455434814,0.9252662826742857,0.021825626340911918,3.865137618224897,49.77937750819672,31.610844,44.80635756774469,0.849579,167.964274,17.704918032786885,18.0,11.170413693167443,2,60,4.243315223458297,2.337344464285714,6.669767349053163,7377.143973,3036.542028,1080,2.8116129888888888,4.243315223458297,2.337344464285714,6.669767349053163,0.8247048403821381,0.9252662826742857
Kobylka 3302,71,186,2020-07-15 07:26:32.949713+00:00,2020-07-15 08:41:07.057375+00:00,1195.6161100009938,1517.6385391772574,1204.831621069219,0.09170784119466704,8235.703514673472,5.608298102150537,0.040357500000000004,9.609608775052722,0.018197,39.248065,44.36021505376344,64.0,30.96614241667371,2,284,0.5500018867643734,0.0006590520833333333,1.3416198688974712,4474.107662,1043.143447,8251,0.12642630553872258,0.5500018867643734,0.0006590520833333333,1.3416198688974712,1195.6161100009938,1204.831621069219
Kobylka 3302,73,132,2020-07-15 07:27:20.451822+00:00,2020-07-15 09:41:04.522167+00:00,1.9752108849419912,1.1944246357258472,2.6130360628144715,0.024362326162164875,19.449322982959337,25.510712257575758,16.5070495,24.056801018405388,1.729101,98.166013,26.681818181818183,17.0,23.30688663481056,2,80,3.136323967926437,0.8372830947368421,6.574548834114662,8024.070345,3367.414018,3522,0.9561084662123793,3.136323967926437,0.8372830947368421,6.574548834114662,1.9752108849419912,2.6130360628144715
Kobylka 3302,77,100,2020-07-15 07:20:35.845434+00:00,2020-07-15 11:07:23.961306+00:00,2.32920474555137,1.7375963406464094,2.3183755120839598,0.029248639024265402,9.496946731625782,15.19864566,6.7240595,20.326316997545355,0.105297,88.052331,13.14,10.0,14.228311512082115,1,96,2.5602218465648847,0.5755903963585434,5.389290536063665,13608.115872,1519.864566,1314,1.1566701415525114,2.5602218465648847,0.5755903963585434,5.389290536063665,2.32920474555137,2.3183755120839598
Kobylka 3302,79,3,2020-07-15 07:23:45.887400+00:00,2020-07-15 07:31:34.887241+00:00,0.8177657866902056,0.10053127475537761,1.264055230589479,0.07546678010727134,2.277299305207968,156.33328033333333,208.890219,129.94378095527637,8.343216,251.766406,19.666666666666668,19.0,1.154700538379251,19,21,7.879044463659149,9.947153285714286,6.6515426677910785,468.999841,468.999841,59,7.949149847457627,7.879044463659149,9.947153285714286,6.6515426677910785,0.8177657866902056,1.264055230589479
Kobylka 3302,80,41,2020-07-15 07:28:32.155603+00:00,2020-07-15 08:37:48.473525+00:00,1.4498508947154831,0.7933739523166388,2.0958237685985117,0.018660996145621007,11.435214743803542,47.91351092682927,25.879593,59.33860328716348,0.959901,243.034914,23.658536585365855,13.0,31.889347560037628,2,153,4.890245260378415,1.2604396666666666,10.045945873100115,4156.317922,1964.453948,970,2.0252102556701033,4.890245260378415,1.2604396666666666,10.045945873100115,1.4498508947154831,2.0958237685985117
Kobylka 3302,84,70,2020-07-15 07:33:02.033479+00:00,2020-07-15 09:01:56.472927+00:00,1.403586620454876,1.047907244318405,1.1195589537866741,0.05461819804077969,4.44915489891679,19.61257677142857,8.974280499999999,21.708902728623137,0.491681,93.878978,13.471428571428572,13.0,9.556425000970385,2,62,1.7440349490086704,0.9542999179487179,2.8154101733247647,5334.439448,1372.880374,943,1.4558646595970308,1.7440349490086704,0.9542999179487179,2.8154101733247647,1.403586620454876,1.1195589537866741
Kobylka 3302,85,97,2020-07-15 07:29:20.366278+00:00,2020-07-15 09:34:58.372447+00:00,5.398789878447121,4.1129103570623124,5.40668007412319,0.05651826571440925,31.601851010147318,14.63337343298969,10.705924,13.362012061016932,1.177642,65.162728,48.41237113402062,59.0,25.80041689638931,2,83,0.7622389945784322,0.24313683333333336,2.211135065551435,7538.006169,1419.437223,4696,0.302265166737649,0.7622389945784322,0.24313683333333336,2.211135065551435,5.398789878447121,5.40668007412319
Kobylka 3302,86,105,2020-07-15 07:30:28.590949+00:00,2020-07-15 08:40:49.810170+00:00,2.7111588594004004,1.9262581816813007,2.7820295549509897,0.07951065959657881,16.975896014595694,14.438529838095238,10.199396,13.016452524247521,0.326605,59.319803,22.123809523809523,17.0,17.058550325104978,2,80,1.2205178953967868,0.5191412083333333,1.8912105587446324,4221.219221,1516.045633,2323,0.6526240348687042,1.2205178953967868,0.5191412083333333,1.8912105587446324,2.7111588594004004,2.7820295549509897
Kobylka 3302,87,69,2020-07-15 07:29:44.753995+00:00,2020-07-15 08:30:05.268670+00:00,12.521080128322346,1.2799839611272914,77.62867943037311,0.038808316893968596,636.34820974037,23.858443695652173,8.822824,28.707575596609974,0.023572,107.112931,12.014492753623188,10.0,10.412792971124775,2,58,3.2061052970781514,0.7812597894736841,5.2232943306657695,3620.514675,1646.232615,829,1.9858053256936066,3.2061052970781514,0.7812597894736841,5.2232943306657695,12.521080128322346,77.62867943037311
Kobylka 3302,91,17,2020-07-15 09:11:10.469456+00:00,2020-07-15 09:31:15.802558+00:00,1.1365957718662123,0.6929789223530978,1.1177391377913717,0.3417164494140268,4.258138278072752,25.54440611764706,23.311899,18.88621247348588,2.818133,67.352689,17.941176470588236,15.0,9.691946323077309,7,40,1.490888301078753,1.4430453333333333,0.8481310287348377,1205.333102,434.254904,305,1.4237865704918033,1.490888301078753,1.4430453333333333,0.8481310287348377,1.1365957718662123,1.1177391377913717
Kobylka 3302,92,68,2020-07-15 09:19:37.090677+00:00,2020-07-15 09:57:37.473295+00:00,2.903329771744211,2.438142814365463,2.52728384401665,0.05132883949343568,11.530418940815716,13.69736863235294,7.061768,16.221442100301292,0.357005,63.893174,14.647058823529411,12.0,10.196230948185066,2,52,1.466380296526204,0.41015339044289045,2.8906665466907357,2280.382618,931.421067,996,0.9351617138554217,1.466380296526204,0.41015339044289045,2.8906665466907357,2.903329771744211,2.52728384401665
SQL injection,116,60,2021-01-14 09:35:38.660000+00:00,2021-01-14 12:01:00.075000+00:00,0.9806771111795576,0.5932479972643335,0.9858045596914771,0.026093536630976508,4.7664442326024785,41.86593333333334,25.5305,38.24087472887328,1.769,130.795,20.466666666666665,13.0,16.719486922087444,2,52,3.714907029462969,1.6887224310776943,6.03232265205049,8721.415,2511.956,1228,2.0455667752443,3.714907029462969,1.6887224310776943,6.03232265205049,0.9806771111795576,0.9858045596914771
SQL injection,117,15,2021-01-14 09:38:05.222000+00:00,2021-01-14 11:20:24.915000+00:00,1.0798792959635306,0.33408605809385344,1.5678541257733905,0.013470190468493223,6.0614807331505265,134.06853333333333,67.869,145.85123267164423,6.929,519.666,35.2,36.0,14.731889608212906,7,56,8.316246029547552,2.9932407407407404,18.808945300023183,6139.693,2011.028,528,3.8087651515151517,8.316246029547552,2.9932407407407404,18.808945300023183,1.0798792959635306,1.5678541257733905
SQL injection,134,19,2021-01-14 09:12:35.806000+00:00,2021-01-14 09:46:47.591000+00:00,0.717044095111365,0.3685529557947055,0.6988071505047582,0.10092394241475183,2.83709123488129,107.9886842105263,94.966,81.85854999805228,13.394,307.162,40.0,41.0,10.666666666666666,9,57,2.8576903269009524,2.7133142857142856,2.366628157044368,2051.785,2051.785,760,2.699717105263158,2.8576903269009524,2.7133142857142856,2.366628157044368,0.717044095111365,0.6988071505047582
SQL injection,135,26,2021-01-14 09:21:41.084000+00:00,2021-01-14 10:37:38.795000+00:00,1.6917022557778028,0.7075458917962587,2.5542785632594276,0.025893245027777696,11.946729338033686,80.94880769230768,48.638000000000005,84.69702615701179,5.106,347.581,47.34615384615385,47.0,32.19682258570533,3,103,5.023882286906561,1.5413033333333332,10.147166937139605,4557.711,2104.669,1231,1.70972298943948,5.023882286906561,1.5413033333333332,10.147166937139605,1.6917022557778028,2.5542785632594276
Secret laboratory,123,194,2021-06-30 06:43:01.383000+00:00,2021-06-30 08:08:31.673000+00:00,47.240530923883526,2.546212401120406,436.1860776039438,0.04143102769664201,6000.0,11.595092783505153,5.8125,13.582875873941079,0.006,54.628,20.778350515463917,17.0,18.647183603227084,2,87,1.0530764898439688,0.3927470760233918,2.445720807153141,5130.29,2249.448,4031,0.5580372116100223,1.0530764898439688,0.3927470760233918,2.445720807153141,47.240530923883526,436.1860776039438
Secret laboratory,124,67,2021-06-30 06:22:39.970000+00:00,2021-06-30 07:28:57.062000+00:00,1.362465717900896,0.7065669160432253,1.9598113577471776,0.015125275090940716,9.989074449820508,30.754492537313432,16.971,36.59992053037122,1.256,161.321,18.28358208955224,12.0,19.237594168670423,2,64,4.186985096334005,1.4152941176470588,10.188174172396169,3977.092,2060.551,1225,1.6820824489795918,4.186985096334005,1.4152941176470588,10.188174172396169,1.362465717900896,1.9598113577471776
Secret laboratory,125,48,2021-06-30 06:12:02.437000+00:00,2021-06-30 07:59:59.422000+00:00,0.9984824396144648,0.57264546073925,1.301714562450691,0.010354056978375551,5.830903790087464,44.090354166666664,34.628,42.64421702755456,1.371,193.161,15.9375,14.0,13.081424624740457,2,64,7.179736300302065,1.7462919799498748,16.115590372218303,6476.985,2116.337,765,2.766453594771242,7.179736300302065,1.7462919799498748,16.115590372218303,0.9984824396144648,1.301714562450691
Secret laboratory,126,136,2021-06-30 06:21:57.766000+00:00,2021-06-30 09:09:17.374000+00:00,112.53167371249192,1.1845972606790134,753.4571098784077,0.03133912062427528,7000.0,19.15564705882353,9.717,24.435472430094677,0.001,101.0,11.772058823529411,11.0,9.286363488522221,2,69,2.308910205058001,0.8441692307692308,3.9389296928237743,10039.608,2605.168,1601,1.627212991880075,2.308910205058001,0.8441692307692308,3.9389296928237743,112.53167371249192,753.4571098784077
Secret laboratory,127,47,2021-06-30 06:15:24.678000+00:00,2021-06-30 08:43:44.970000+00:00,43.89206627697568,0.34855350296270476,291.55412133060116,0.02353356474672001,2000.0,55.481808510638295,45.863,62.05010380317082,0.001,238.311,29.06382978723404,13.0,95.31763928532284,2,661,6.575139333889152,2.869,10.240636213120407,8900.292,2607.645,1366,1.908964128843338,6.575139333889152,2.869,10.240636213120407,43.89206627697568,291.55412133060116
Secret laboratory,128,77,2021-06-30 06:12:53.374000+00:00,2021-06-30 08:03:32.916000+00:00,7.172095173615643,0.6906579425663395,38.29854133875188,0.01874835951854213,267.3267326732673,37.162519480519485,23.749,33.1829178405215,0.101,120.052,20.454545454545453,18.0,14.822232105634473,2,65,3.3347395035205056,1.4478947368421053,6.735175319583486,6639.542,2861.514,1575,1.8168342857142858,3.3347395035205056,1.4478947368421053,6.735175319583486,7.172095173615643,38.29854133875188
Secret laboratory,129,52,2021-06-30 06:21:37.095000+00:00,2021-06-30 08:45:21.600000+00:00,6.342418304602849,0.5586880863145409,20.490835117295735,0.010981709962058191,122.80701754385964,50.61703846153846,13.442499999999999,58.369800781340636,0.114,189.598,12.0,9.0,9.761870601839528,2,39,6.7684473675909755,1.7924861111111112,14.716004494690987,8624.505,2632.0860000000002,624,4.218086538461539,6.7684473675909755,1.7924861111111112,14.716004494690987,6.342418304602849,20.490835117295735
Secret laboratory,130,113,2021-07-08 15:41:13.409000+00:00,2021-07-08 17:53:26.259000+00:00,1.460140461496057,0.8956796628029504,2.2920018824517325,0.018547886004692617,22.064848413906123,24.88589380530973,10.842,30.675940145495957,0.922,131.261,19.31858407079646,12.0,70.36109231857446,2,754,3.4434759149534138,1.116470588235294,7.773507503087273,7932.85,2812.1059999999998,2183,1.2881841502519467,3.4434759149534138,1.116470588235294,7.773507503087273,1.460140461496057,2.2920018824517325
Secret laboratory,131,103,2021-07-08 15:45:25.490000+00:00,2021-07-08 18:11:52.472000+00:00,2.3046930950126687,0.5515004055150041,12.724825981121239,0.00894834567459341,128.2051282051282,51.439,25.07,54.93271084985452,0.078,223.505,16.58252427184466,17.0,11.984077894329053,1,54,5.547021896456512,1.813235294117647,12.312765604121367,8786.982,5298.217,1708,3.1020005854800936,5.547021896456512,1.813235294117647,12.312765604121367,2.3046930950126687,12.724825981121239
Secret laboratory,3,88,2021-07-12 16:01:37.252000+00:00,2021-07-12 17:21:43.912000+00:00,32.733232575758294,0.7428186429147157,292.9979855606739,0.016121621512691746,2750.0,32.817840909090904,19.5775,34.91675123328404,0.008,133.539,16.204545454545453,14.0,10.8067232063045,2,60,4.4459290495564625,1.3462238095238095,10.224994940165116,4806.66,2887.97,1426,2.0252244039270684,4.4459290495564625,1.3462238095238095,10.224994940165116,32.733232575758294,292.9979855606739
Secret laboratory,340,71,2020-05-14 08:18:23.449882+00:00,2020-05-14 09:58:22.781889+00:00,0.4910034430660128,0.29958493256555374,0.6057692087550702,0.013617931672994703,4.110272209627536,61.94116,40.055419,49.71148800450627,8.114574,199.445791,17.0,13.0,13.29016822423898,2,55,6.590789852518877,3.3379515833333335,10.270409463657922,5999.332007,4397.82236,1207,3.6435976470588236,6.590789852518877,3.3379515833333335,10.270409463657922,0.4910034430660128,0.6057692087550702
Secret laboratory,341,32,2020-05-14 08:20:38.723241+00:00,2020-05-14 09:35:39.423294+00:00,0.7431791388621297,0.6579974056010959,0.5539751126943964,0.05333644208595778,2.3143693905471894,38.746769875,21.925915500000002,44.1065268269029,2.495611,170.319834,13.34375,13.0,6.473815123871281,3,25,3.1541236353146425,1.5263717833333332,3.7980488340346983,4500.700053,1239.896636,427,2.903739194379391,3.1541236353146425,1.5263717833333332,3.7980488340346983,0.7431791388621297,0.5539751126943964
Secret laboratory,342,67,2020-05-14 08:37:24.451194+00:00,2020-05-14 09:42:59.800874+00:00,0.9509918999739518,0.8766143400956824,0.8191107154922876,0.04354085368636025,3.677180338116732,25.27542619402985,14.544841,27.51733276921277,1.320722,124.20541,11.388059701492537,8.0,10.921143274429843,2,57,3.2305994659452,1.1407525,4.49841391232304,3935.34968,1693.453555,763,2.2194673066841415,3.2305994659452,1.1407525,4.49841391232304,0.9509918999739518,0.8191107154922876
Webmin exploit practice,315,84,2020-05-14 08:08:27.825043+00:00,2020-05-14 09:41:13.522666+00:00,1.2316264301391595,0.7479996839253777,1.4589105521245016,0.017200922444188468,9.540775562306402,39.97219605952381,18.6258845,45.60080008794593,0.927523,177.090518,17.273809523809526,11.0,17.609794092018277,2,65,4.3701491049630015,1.3369584322916666,8.792265736006556,5565.697623,3357.664469,1451,2.314034782219159,4.3701491049630015,1.3369584322916666,8.792265736006556,1.2316264301391595,1.4589105521245016
Webmin exploit practice,316,58,2020-05-14 08:09:30.284666+00:00,2020-05-14 10:02:00.578983+00:00,0.7154856764561922,0.33277893291099525,1.7226486497270233,0.017226168529282743,13.090463832055391,59.498162189655176,47.2111575,53.59344012377032,2.979268,232.204857,16.275862068965516,12.5,14.302242620674606,2,64,7.608080941637724,3.0053789410256413,11.686488488443924,6750.294317,3450.893407,944,3.6556074226694917,7.608080941637724,3.0053789410256413,11.686488488443924,0.7154856764561922,1.7226486497270233
Webmin exploit practice,317,54,2020-05-14 08:30:18.868870+00:00,2020-05-14 10:33:57.841881+00:00,0.7388765455888266,0.46952471431077236,1.027394049896029,0.0162752373527721,5.908872543145763,55.30159940740741,34.4515835,56.563609099031446,2.083977,194.981156,19.74074074074074,12.0,19.936867513062403,2,74,5.377663709800682,2.1304662083333334,9.912562785648404,7418.973011,2986.286368,1066,2.8013943414634146,5.377663709800682,2.1304662083333334,9.912562785648404,0.7388765455888266,1.027394049896029
Webmin exploit practice,327,73,2020-05-14 08:22:45.469286+00:00,2020-05-14 10:25:20.859454+00:00,1.1425760049863425,0.8946206847193342,1.3338884026251432,0.02402539686261712,8.926574694758127,28.28458102739726,12.343814,32.809996118571604,1.350791,134.070731,13.931506849315069,12.0,11.115965454050624,2,43,3.145653383814792,1.1177921739130434,6.00358240119702,7355.390168,2064.774415,1017,2.030259995083579,3.145653383814792,1.1177921739130434,6.00358240119702,1.1425760049863425,1.3338884026251432
Webmin exploit practice,328,125,2020-05-14 08:24:38.649934+00:00,2020-05-14 10:31:34.831475+00:00,1.0438820373634736,0.8436209900133352,1.2113865612925356,0.03637261378603901,9.771242019932277,25.3209688,15.325643,24.59360571414172,0.89027,109.300291,14.528,10.0,13.072734491940624,2,55,2.8573930084422274,1.1853664285714287,4.104934599028332,7616.181541,3165.1211,1816,1.7429080947136564,2.8573930084422274,1.1853664285714287,4.104934599028332,1.0438820373634736,1.2113865612925356
Webmin exploit practice,329,44,2020-05-14 08:47:55.842534+00:00,2020-05-14 09:34:53.364002+00:00,1.5274206719915726,0.999366465728871,1.2113317612804546,0.04473514334705659,4.1380583593553535,24.46281384090909,13.391419500000001,21.18793863092779,3.053897,84.691171,21.977272727272727,19.0,14.164299433276536,3,69,1.8479385405650979,1.0009240833333335,3.4792539573951413,2817.521468,1076.363809,967,1.1130959762150983,1.8479385405650979,1.0009240833333335,3.4792539573951413,1.5274206719915726,1.2113317612804546
Webmin exploit practice,351,145,2020-05-14 08:23:20.752182+00:00,2020-05-14 10:28:41.926174+00:00,1.7360573786625588,1.0294208478310103,2.2759418997660243,0.02874145893657464,19.427608438810942,18.632025586206897,10.315058,20.50911986716268,0.589633,82.176659,18.8,8.0,23.293000856241967,2,108,2.8649617932166396,0.97142,5.527309425563248,7521.173992,2701.64371,2726,0.9910651907556859,2.8649617932166396,0.97142,5.527309425563248,1.7360573786625588,2.2759418997660243
Webmin exploit practice,358,57,2020-05-14 08:46:23.284776+00:00,2020-05-14 10:50:11.880759+00:00,0.674672025637823,0.6362401301414504,0.51499461052021,0.0101697941716035,2.2406460782316406,52.87968705263158,25.102842,63.706481602412815,2.490216,243.284188,15.87719298245614,13.0,16.120162813160636,2,94,6.588367570787769,1.5717336153846153,14.60524233806872,7428.595983,3014.142162,905,3.330543825414365,6.588367570787769,1.5717336153846153,14.60524233806872,0.674672025637823,0.51499461052021
Webmin exploit practice,374,30,2020-05-14 08:15:25.002706+00:00,2020-05-14 09:25:21.960125+00:00,1.3990330279044956,0.3549909967421635,1.8492953829892382,0.03158159914232588,6.390062175304966,58.780175533333335,43.566142,57.469395445864016,1.56493,231.842467,19.3,14.0,13.641089045410839,4,64,5.338463548704651,2.8276992894548063,8.074609726449603,4196.957419,1763.405266,579,3.045604949913644,5.338463548704651,2.8276992894548063,8.074609726449603,1.3990330279044956,1.8492953829892382
